reuse_fraction,lcp_tokens,prompt_tokens,prefill_seconds,decode_seconds,time_to_first_token,time_per_output_token
0.0,0,4000,0.9466317309997976,10.257550375012215,0.9522490501403809,0.08076811318907273
0.2,800,4000,0.897980745008681,10.512519856973086,0.905907154083252,0.0827757469053001
0.4,1600,4000,0.731136874994263,10.45057571301004,0.736736536026001,0.08228799774023621
0.6,2400,4000,0.5228432529838756,10.292712029011454,0.5278275012969971,0.08104497660638899
0.8,3200,4000,0.3047754759900272,10.343447669991292,0.3104386329650879,0.08144446984245146
1.0,4000,4000,0.09428010904230177,10.37581442197552,0.09967637062072754,0.08169932615728737
