prompt_length,reuse_fraction,lcp_tokens,prompt_tokens,prefill_seconds,prefill_seconds_mean,prefill_seconds_std,decode_seconds,decode_seconds_mean,decode_seconds_std,time_to_first_token,time_to_first_token_mean,time_to_first_token_std,time_per_output_token,time_per_output_token_mean,time_per_output_token_std
10000,0.8,8000,10000,0.017804258037358522,0.02202692339196801,0.008382124449100697,0.850399981951341,0.8506694778334349,0.0007112922301879642,0.021509408950805664,0.025770902633666992,0.00841867569304041,0.0066960628500105646,0.006698184864830203,5.600726221975203e-06
20000,0.8,16000,20000,0.02839436801150441,0.04029332627542317,0.02381840219640483,0.8678631309885532,0.8678405231330544,5.5156625108497644e-05,0.03424406051635742,0.04610605239868164,0.023844236879106927,0.006833567960539799,0.006833389945929569,4.3430413471577686e-07
30000,0.8,24000,30000,0.03911858098581433,0.06363617163151503,0.04704542784315592,0.8854096739087254,0.8871307757683098,0.003491433939546766,0.047232866287231445,0.07112092971801758,0.04740733991152185,0.006971729715816721,0.006985281698963064,2.7491605823213293e-05
40000,0.8,32000,40000,0.049842414911836386,0.08759359731338918,0.07554701927195678,0.8905260269530118,0.8904636206571013,0.0004138137828767441,0.05664801597595215,0.0942291259765625,0.07564310601166128,0.00701201596025991,0.007011524572103145,3.258376243122733e-06
